{
    "number of users" : 10,
    "number of channels" : 64,
    "number of buckets" : 10,
    "bandwidth" : 180000,
    "noise power spectral density" : -174, 
    "user power limit" : 200,
    "channel peak power limit" : 10,
    "gain" : [ [ -114.9679045058511,-110.7967282236452,-110.0370228218489,-110.5019271761917,-110.0267421901199,-109.0145159109184,-106.6684276848789,-109.7155807868439,-112.3844699811726,-105.8331354415093,-106.3179282483774,-110.6407443899252,-110.1726878560664,-109.1088223375804,-106.8539290789907,-111.3502024380957,-117.1052302129485,-111.1827209785671,-106.4823503762602,-110.1962234881781,-109.7518227806557,-112.4718498619468,-107.7553362069382,-109.1406435512453,-108.5202134252442,-109.5838755936409,-109.9224046456601,-109.6912775903492,-108.9407361182564,-113.6843053739611,-105.7344282323807,-110.271027187782,-111.4674715541846,-111.8032343171523,-110.531360058482,-107.9362727539381,-111.1168553434026,-106.5963657491513,-118.5566331135494,-113.0292598953586,-110.3495883528125,-109.8666100616915,-110.7957104005982,-107.4585518986709,-108.9675473607199,-108.8535074006051,-108.5364092371301,-108.1793871532277,-111.3789595368912,-118.7691994187627,-110.057469343506,-107.7074741655409,-110.8437028190852,-110.3848233836595,-112.1605354487612,-108.889596779794,-106.6883281852087,-109.429151866449,-109.2181526560079,-112.7911307186182,-110.5549298164595,-107.0218157907624,-112.5459135226225,-108.7901121798809],
        [-94.36057658719244,-97.52292774262934,-96.06587439763177,-100.0632355095772,-97.92405398225368,-95.82956895244294,-95.9601708272931,-98.30207285529725,-97.35957592036257,-98.28554494378481,-98.03660314499527,-100.5388550708878,-98.31960031589716,-95.49228407373175,-97.23811657548019,-95.44637752441838,-97.22343480159148,-97.64194948058979,-94.84522869541199,-95.33005512628125,-98.99967418955546,-97.70200155586855,-94.96352401141993,-96.38620802165033,-94.69101990900215,-93.5289539450667,-93.0468001976955,-94.48646021040946,-95.47673867748276,-98.78576145607431,-97.67940374699195,-98.51887062810495,-95.31412376936565,-94.30333619323086,-94.41050428245589,-113.6237580222457,-97.38481376812381,-98.35875401022115,-99.56429351391854,-93.32000413767197,-94.08508436310979,-98.27083978685242,-96.69083370056114,-101.6683481124131,-97.89088674784379,-95.46360287685761,-95.00049964621155,-95.62099402127976,-101.3897245685433,-94.37348023420975,-94.14931453751534,-99.17123226287126,-93.81819282607492,-97.37723775781586,-95.25541823871578,-94.49782881322943,-99.21659811404757,-97.29704723878451,-96.49568847645543,-96.04305628115971,-103.7951891519385,-96.00859882855642,-94.22206323546325,-96.07136965569919],
        [-126.9948744871676,-125.8776838356603,-132.5943677488319,-131.7945847551541,-123.9934751774867,-132.6036201396725,-132.0140727885198,-128.9080472736473,-127.2404600748753,-125.3787893701969,-126.0423240607667,-128.4537393051302,-131.9047913589689,-128.7867286414022,-125.2995198410502,-125.321375521237,-131.6806210752534,-125.7334288267232,-125.7131937760445,-125.4786714106197,-125.3343843263326,-126.6833349747143,-129.9004266626685,-127.0939859423814,-129.6968835827531,-127.9607678435514,-129.7208380544008,-128.0811961918329,-126.4091145790475,-128.4909783689147,-126.0734851735231,-132.7432290180381,-128.719039416675,-128.7150211283218,-127.0571136149696,-133.2867295184938,-126.2795806773282,-127.9045099765219,-126.0569331875421,-132.0289473846659,-125.0529175256344,-127.8160920418866,-133.2255626430039,-127.1747645410668,-125.5829873781595,-125.9099536930903,-124.4570780409229,-127.2377255620209,-125.4380999225918,-127.2504517694038,-127.8027691676158,-132.6997237210641,-128.881889413671,-126.6094941110571,-138.0199553420189,-125.467383004816,-132.15342656832,-129.823040529902,-125.3375441828388,-127.4978759368102,-126.7507308836657,-132.2991701028737,-128.0645449472634,-124.5723190117553],
        [ -106.7961714285511,-108.6548039468694,-106.8965307874475,-109.8773055658072,-104.8576429332068,-106.8101702177034,-105.1787233206954,-109.0228915084286,-103.8890867685849,-111.0414222836352,-104.8851469903671,-105.8295275274858,-108.4761166756851,-107.3803338517962,-106.9254481887854,-107.9656982680246,-106.9764134266122,-106.1306873969512,-104.6083018570183,-106.5378144910212,-107.2877915715614,-106.9027327464131,-111.1947167773288,-105.5947864894315,-105.5168408928257,-106.5366333963591,-114.1444642463278,-109.4548545548997,-104.3590809625992,-103.2984507895219,-107.2793005173638,-108.736777450945,-111.3456012511822,-105.9079058778449,-105.7695916716998,-109.9183605760637,-113.6200299762605,-105.294871297564,-108.278614524155,-104.7640525473942,-103.4457689245126,-104.7831792110391,-105.20039850143,-104.0073108914877,-105.1880076811016,-107.2963644319026,-103.561560389024,-105.310412934415,-104.7688539816854,-108.5951611567565,-111.1853243993598,-106.9746997756236,-105.5572118898043,-110.0026873378138,-108.2909867254606,-105.0205022673807,-106.2122311531096,-104.2399426526925,-105.6859928454911,-107.9464588376493,-106.3704392528856,-108.9643243563489,-110.5665987288931,-118.5939423210258],
        [ -128.1303324641073,-125.1619981682558,-129.503412710311,-129.2418225327204,-127.0232494942617,-131.1890095600001,-129.0270079241094,-125.5356380547534,-126.3005389318321,-133.5342940540063,-127.7322270918318,-127.3902320842148,-128.3098679477745,-130.182777437302,-132.9250723741583,-131.0706478963488,-139.6995543836682,-127.8984264723409,-124.8813501293073,-124.5336721864129,-129.8001554319927,-126.3716556678334,-129.6999552623267,-124.2864831341775,-127.3939932235865,-127.912340186038,-125.6750097889354,-129.347154480347,-130.0250806373145,-128.1998025359754,-127.6481097474135,-126.7242475889915,-131.4853394224871,-129.2864284706071,-126.1972318594476,-126.0596038043559,-125.9201892129603,-133.518556167742,-125.4277665771888,-129.2791747492998,-130.754439717753,-126.0543660365051,-124.531323464645,-128.9245324351266,-138.4326942866866,-126.441586700076,-127.3631770604035,-129.3739978001474,-126.2477460319339,-125.7150756595977,-128.3775995826327,-132.7477707293316,-130.0982788049062,-125.5670369768543,-127.5547486507947,-126.4857233351854,-127.9537028955445,-126.7078931557425,-125.4352996908164,-128.4395644796788,-125.6661713955403,-128.4049092196293,-133.4459613410264,-130.9441202290439], 
        [ -127.3472908273693,-127.3304568637109,-131.2113174075827,-128.7603556094363,-128.8236562378964,-132.4113575359592,-126.7049601438602,-128.8556991274892,-127.1194603638199,-124.1386981137094,-127.1484772562131,-124.1528824125818,-126.9925927015723,-123.9710199079755,-128.1766058367485,-127.6745556791517,-124.8955102949554,-126.7224188312895,-125.50116951068,-124.4410914582214,-128.2495542210986,-124.359385964621,-127.3626275733598,-128.8594686174807,-126.8161229689383,-125.2153350423636,-126.6080433703209,-131.9757640445439,-123.2435726606798,-124.8076170165955,-125.3032063673574,-128.5952636033691,-129.2782782590698,-126.1246094793472,-127.2052988371528,-127.6303781346704,-130.6454335059449,-126.9006411059817,-127.0138652543571,-126.5853599273129,-132.0141710334203,-125.7631148219405,-122.7347138868812,-125.9029306178012,-127.6118046901322,-125.619112160185,-124.030212060817,-129.0394124167557,-128.8669840308962,-125.57053722802,-130.5413321108435,-125.8436142789867,-127.052874817861,-128.9650942150908,-124.8099911670792,-126.7318311213259,-131.6695876798817,-126.3512400363554,-124.9541390622213,-124.6788396238252,-128.5611980638195,-125.6982821421537,-124.0021421786955,-123.8981666603714], 
