{
    "number of users" : 10,
    "number of channels" : 64,
    "number of buckets" : 10,
    "bandwidth" : 180000,
    "noise power spectral density" : -174, 
    "user power limit" : 200,
    "channel peak power limit" : 10,
    "gain" : [
        [ -121.2591612144608,-122.11709887004,-128.6033189253727,-133.8034794629355,-126.3348086556224,-120.7860750073541,-126.364398208278,-128.4900459388087,-124.1944967762452,-122.6224119261303,-132.9216077522062,-149.0634917121224,-122.0058397954011,-121.9402655885499,-121.1644099015264,-121.297762236037,-123.6779328244435,-121.6965532860838,-123.2432474587143,-124.7342758444264,-126.2487186423796,-128.6756745889167,-125.0482274007281,-125.6928671056718,-121.9731619760054,-126.529184683167,-125.1398703875406,-121.0843776374788,-128.0151225615858,-120.8172034289374,-122.6798675999373,-124.3177154328568,-124.4835491373149,-124.1923172972173,-122.0280741353199,-127.2219796043105,-124.5960074256144,-126.0212257903898,-128.6023466911033,-123.3751174481925,-122.4536496628048,-121.5647732869367,-122.0807818211259,-123.3853135606109,-126.5493371642526,-126.7163014453823,-126.8674830581265,-130.924543881417,-122.8558483031369,-124.8428594599354,-123.9885804896134,-122.1946435730099,-121.1045953596691,-128.1203167438477,-122.3931117171723,-122.0173714459552,-121.0699220606191,-126.415811274806,-121.9700158222122,-125.0068724204633,-127.5009767692496,-122.4629610999677,-125.9499331283457,-126.544354264347],
        [ -128.3381636719157,-131.7542350518342,-129.0769014020046,-131.6701918281946,-128.7888912752601,-130.9027130896434,-128.8358336894798,-125.6345943354499,-126.3039771012065,-128.0628483490746,-128.7633307376404,-128.0180456663058,-128.0595875453157,-131.3107962217564,-129.6658977320892,-127.316445584339,-130.7366069729995,-126.810915531293,-127.2763802682287,-125.2539663411349,-133.3879968317298,-125.7705471280976,-127.127291506557,-125.2704407458254,-126.6120870081769,-128.5611895192352,-126.9399189919905,-125.7956132410102,-127.0373623507406,-130.1570092538207,-132.0070628754218,-127.852140603504,-131.3344488896251,-134.2658848972106,-128.9907728782943,-125.3626508421277,-130.2137726691242,-134.1167174445383,-127.7625448625488,-132.6883484678032,-125.0454384965552,-131.9308204910013,-129.9700494573989,-126.9752675013269,-125.2952504566679,-129.8160434047879,-125.2761712317899,-130.817986736582,-127.388759241298,-127.7814030817375,-126.3057809393708,-126.8706200369202,-128.6712927904306,-134.3203135169103,-128.6087555510736,-128.4767273587752,-126.7514017761901,-126.2809156369196,-125.8231410792453,-126.8970116938746,-132.305254274226,-126.7662769142975,-129.9664871505651,-124.7832738492149],
        [ -128.5478101848611,-127.4268022743868,-128.7452142151995,-132.2974303027895,-130.6270203792854,-129.6306976468476,-130.0020306679041,-133.1598449074495,-129.5716813588004,-134.0027280296643,-130.2063614294447,-130.744803052516,-129.2374477231792,-133.3038501060805,-133.1775790188058,-131.6329004571904,-127.5749013994157,-128.2485402153687,-131.9459115267155,-129.9951884331231,-129.8768077969806,-135.2980422545521,-132.1134136485428,-133.2356518056441,-128.2970094386325,-131.1319296391903,-130.8353466349706,-130.4016149607384,-129.7664784170563,-131.416077382579,-127.814309897009,-129.6275422269624,-126.2827413717758,-129.3833877493472,-130.5815983519043,-130.2171297795187,-131.3333902342344,-130.2465769098306,-131.6208267239025,-133.2948889371943,-134.4328200007699,-131.7096608198623,-133.567296463374,-129.2366373421183,-137.1487249836696,-130.768323639169,-129.4084144776555,-131.6728138650874,-128.7380772218553,-131.6200100510356,-129.4693331347973,-128.830621272261,-129.6260978054564,-128.0151820313091,-129.2820956431866,-131.7505265045927,-131.3620946112992,-126.5680189023247,-130.4444220577874,-129.1403908402108,-129.4983968965891,-128.6609171642824,-131.520836131514,-132.745962903032],
        [ -125.6937112928216,-130.4886312500519,-127.3504171598861,-125.7797753351421,-128.6534995538429,-129.9591618197396,-128.1705856653898,-123.9598554710685,-131.8000714089158,-123.674424388835,-125.3024685292095,-126.2562931367867,-126.298477670787,-128.9156282443726,-124.8097843640888,-126.732047546462,-128.9257878985817,-131.8477606834101,-127.2012153075531,-125.2011148939473,-125.7101814070233,-123.7028886513634,-124.1831312118817,-128.1789543895265,-126.991839017177,-127.1340618931026,-126.4940993660258,-126.9424476817505,-128.631674740674,-126.741131590345,-124.185593551214,-131.4406053062367,-127.4655841404414,-128.246710243636,-128.6636063913779,-126.307373863434,-125.1764230205761,-131.6006090265882,-125.7092952290708,-129.5511645063465,-125.6817651712646,-126.8575249615414,-130.6176473703741,-127.2107075242731,-124.7981686214317,-126.982664882737,-136.1142476364654,-126.9030629772305,-127.5254253746244,-132.8893285833236,-126.1717977382969,-125.0512421837184,-124.6607165400078,-133.0425969568073,-129.4625627077497,-124.0105516124906,-126.1363538047697,-126.7681111906528,-126.3268889194421,-126.3451302036345,-125.9796108032399,-141.898909346702,-130.539717087496,-126.0182815360525],
        [ -109.125336369305,-108.3058613197884,-117.1769207286631,-112.9073105854572,-115.9083425091271,-111.3756184398474,-107.7815745590204,-109.8902067910599,-107.8648167383832,-117.1686554271028,-115.6082981023217,-116.5456484577649,-116.6861643179464,-113.6813671513343,-114.1555171624279,-109.1736295550017,-109.393459752585,-109.3635027716764,-108.3960993726348,-112.3788091957387,-109.5657518695671,-115.0859245717231,-111.6650054922559,-114.2649308882092,-110.88304587575,-112.6001280283294,-111.002866451498,-109.2972397877403,-113.9142804363036,-110.8951301543844,-110.7277717121294,-110.0191487399632,-115.8388007165771,-116.0726216686163,-113.2373295836946,-114.7578432112653,-113.5793447972439,-111.1338788410941,-107.6215027599639,-112.2760565558659,-116.5042914684905,-114.1051866758226,-112.4274098226949,-109.5684860040091,-111.3875807556545,-113.8428562345233,-114.1993476094401,-115.2256512429503,-114.3674070717671,-108.6334133672404,-109.9542575691613,-109.5923239329126,-108.765733030447,-113.2849042290273,-113.7634127756055,-114.9436324710578,-110.4567295846995,-109.7122794104319,-112.9349627425527,-113.3524115669226,-111.2922992250858,-112.1874482350988,-116.5113145517517,-109.0155882417091],
        [ -114.6535534719592,-117.0772678396076,-117.5762089428758,-113.7397330835577,-118.2396853288436,-116.9756151779273,-115.6633935515439,-122.5312784266706,-120.3267737066004,-112.9560488819091,-112.6873561962314,-114.1128951060629,-115.8530083633431,-111.2396938183777,-117.8161239874834,-116.7702477625888,-113.1983412099448,-118.074855192125,-115.0467673900415,-115.0987233900502,-113.7265852885876,-117.3790574794809,-111.6839929085809,-112.8197292036648,-125.4549813625914,-111.2105975088292,-111.8260348155492,-114.4459287657263,-113.4692516046824,-119.0417034190375,-114.5329937480439,-112.2388606513205,-113.0650999896203,-115.677878350625,-113.2907170580771,-111.7354224943195,-115.0145674146326,-114.6902152734796,-114.2570007916129,-115.0841456426529,-112.3650691126748,-111.9858255979365,-116.9284483093485,-115.9207400199088,-112.9669387246058,-121.7892029849894,-114.7110809534523,-118.6468507339014,-113.193482039327,-115.3539847264183,-116.9638049193211,-113.6767783497748,-111.7109747860287,-113.3560700330278,-115.4730309207265,-112.2301893116778,-115.5685373524817,-111.567843054922,-118.5299831152699,-119.829149490452,-115.2452197681204,-115.6739608444945,-117.2169167160532,-115.7255426202335],
